factor,weight,score
trend_duration,0.5568859144958374,0.8432955677180956
trend_strength,0.44311408550416265,0.325505120826083
